Question,A,B,C,D,E,Answer,Category
A 31-year-old man presents with a painless scrotal lump. Ultrasound demonstrates a sharply marginated intratesticular lesion with alternating echogenic and hypoechoic concentric layers. What is the most likely diagnosis?,Seminoma,Yolk sac tumour,Testicular lymphoma,Leydig cell tumour,Epidermoid cyst,E,"Genito-urinary, Adrenal, Obstetrics & Gynaecology and Breast"
A 48-year-old man presents with horizontal diplopia that is worse on looking to the left. Examination demonstrates impaired abduction of the left eye. Where is the causative lesion most likely located?,Left midbrain,Right frontal lobe,Left pons,Right cerebellopontine angle,Right midbrain,C,Central Nervous and Head & Neck
"A 56-year-old woman presents with right-sided ptosis, a dilated pupil and impaired ocular movements. Imaging demonstrates compression of the parasympathetic fibres of the right oculomotor nerve. What is the most likely cause?",Horner’s syndrome,Thalamic infarct,Myasthenia gravis,Posterior communicating artery aneurysm,Tumefactive MS,D,Central Nervous and Head & Neck
"A 52-year-old woman presents with progressive dysphagia. CT demonstrates a dilated, air-filled oesophagus together with bilateral basal reticulation and ground-glass opacity. What is the most likely underlying diagnosis?",Achalasia,Hiatal hernia,Pulmonary sarcoidosis,Drug-induced fibrosis,Systemic sclerosis,E,Gastro-intestinal
A 64-year-old man presents with haematemesis but remains haemodynamically stable following initial resuscitation. What is the most appropriate initial investigation?,Nasogastric aspiration,Erect chest radiograph,Upper GI endoscopy,CT angiography,Tagged RBC scan,C,Gastro-intestinal
"A 34-year-old woman at 34 weeks' gestation presents with seizures and a blood pressure of 200/160 mmHg. MRI demonstrates symmetrical parieto-occipital T2/FLAIR hyperintensity with increased ADC, consistent with vasogenic oedema. What is the most likely diagnosis?",Acute arterial infarction,Herpes encephalitis,Posterior reversible encephalopathy syndrome,Cerebral venous sinus thrombosis,Reversible cerebral vasoconstriction syndrome,C,Central Nervous and Head & Neck
"A 78-year-old woman presents with right upper quadrant pain and fever. Ultrasound demonstrates a distended gallbladder containing stones, wall thickening and echogenic intraluminal membranes. What is the most likely diagnosis?",Empyema of gallbladder,Gallbladder perforation,Cholangitis,Gangrenous cholecystitis,Xanthogranulomatous cholecystitis,D,Gastro-intestinal
A 55-year-old man with chronic diarrhoea and weight loss undergoes CT enterography. There is reversal of the normal jejunoileal fold pattern with enlarged mesenteric lymph nodes. What is the most likely diagnosis?,Crohn’s disease,Whipple’s disease,Enteropathy-associated T-cell lymphoma,Intestinal TB,Small bowel adenocarcinoma,C,Gastro-intestinal
A 65-year-old man presents with chronic midline lower back pain. Imaging demonstrates close approximation of adjacent lumbar spinous processes with associated interspinous cyst formation. What is the most likely diagnosis?,DISH,Baastrup disease,Schmorl’s node,Spinal stenosis,Facet arthropathy,B,Musculoskeletal and Trauma
A 38-year-old man undergoes MRI after high-energy trauma. There is a lentiform fluid collection between the subcutaneous fat and deep fascia over the lateral thigh. What is the most likely diagnosis?,Seroma,Morel-Lavallée lesion,Haematoma,Myositis ossificans,Fat necrosis,B,Musculoskeletal and Trauma
"A 32-year-old man undergoes CT following pelvic trauma. There is approximately 250 mL of low-attenuation fluid in the extraperitoneal pelvis with an irregular, posteriorly displaced bladder wall. What is the most likely diagnosis?",Prostate injury,Urinoma,Bladder rupture,Pelvic haematoma,Mesenteric haemorrhage,C,"Genito-urinary, Adrenal, Obstetrics & Gynaecology and Breast"
A 52-year-old man with no conventional cardiovascular risk factors undergoes coronary imaging. There are bilateral coronary artery aneurysms with mural calcification. What is the most likely underlying diagnosis?,Polyarteritis nodosa,Atherosclerosis,Takayasu arteritis,Behçet disease,Kawasaki disease,E,Cardiothoracic and Vascular
A 40-year-old woman with hypertension undergoes renal artery imaging. There are multifocal stenoses producing a 'string-of-beads' appearance. What is the treatment of choice?,Stenting,Surgical revascularisation,Observation,Angioplasty,ACE inhibitors,D,Cardiothoracic and Vascular
"A 67-year-old woman develops acute breathlessness shortly after completing a course of nitrofurantoin. CT demonstrates bilateral patchy ground-glass opacity and peribronchovascular consolidation, with no evidence of infection. What is the most likely diagnosis?",Bacterial pneumonia,Pulmonary oedema,Cryptogenic organising pneumonia,Nitrofurantoin-induced pneumonitis,Diffuse alveolar haemorrhage,D,Cardiothoracic and Vascular
"A 24-year-old man undergoes CT thorax. There is homogeneous triangular soft tissue in the anterior mediastinum which conforms to the available space, has smooth margins and causes no mass effect. What is the most likely diagnosis?",Normal thymus,Lymphoma,Teratoma,Thymic hyperplasia,Thymoma,A,Cardiothoracic and Vascular
A 63-year-old woman presents with a painless breast lump. MRI demonstrates multiple well-defined low T2 signal breast lesions without associated lymphadenopathy. What is the most likely diagnosis?,Metastatic melanoma,Breast fibroadenoma,Fibrocystic change,Phyllodes tumour,Lymphoma,E,"Genito-urinary, Adrenal, Obstetrics & Gynaecology and Breast"
"A 58-year-old man with chronic sinus symptoms undergoes CT and MRI. One maxillary sinus contains hyperattenuating material with very low T2 signal and internal signal voids, without bony erosion or enhancement. What is the most likely diagnosis?",Sinonasal lymphoma,Fungal ball (mycetoma),Retention cyst,Antrochoanal polyp,Mucocele,B,Central Nervous and Head & Neck
A 66-year-old man with diabetes presents with back pain and fever. CT demonstrates a 5 cm saccular infrarenal aortic aneurysm with surrounding para-aortic inflammatory change and adjacent vertebral erosion. What is the most likely diagnosis?,Mycotic aneurysm,Contained rupture,Vasculitis,Inflammatory aneurysm,Atherosclerotic aneurysm,A,Cardiothoracic and Vascular
A 3-year-old boy undergoes liver MRI for an abdominal mass. There is a well-circumscribed heterogeneous T2 hyperintense lesion in segment II and the serum AFP is elevated. What is the most likely diagnosis?,Metastasis,Fibrolamellar Hepatocellular carcinoma,Mesenchymal hamartoma,Haemangioma,Hepatoblastoma,E,Paediatric
A neonate presents with respiratory distress. CT demonstrates a well-defined multicystic lesion in the left lower lobe causing mediastinal shift. What is the most likely diagnosis?,Pleuropulmonary blastoma,Congenital lobar overinflation,Diaphragmatic hernia,Bronchogenic cyst,Congenital pulmonary airway malformation,E,Paediatric
"A 57-year-old man undergoes follow-up CT after resection of an invasive thymoma. There are new smooth enhancing nodules along the ipsilateral mediastinal and diaphragmatic pleural surfaces, with no pulmonary parenchymal nodules. What is the characteristic site of recurrence?",Pericardial cavity,Mediastinal lymph nodes,Pleura,Lung parenchyma,Chest wall,C,Cardiothoracic and Vascular
"A 20-year-old man presents with dyspnoea. CT thorax demonstrates a homogeneous anterior mediastinal mass compressing the superior vena cava, with associated pleural and pericardial effusions. What is the most likely diagnosis?",Teratoma,Lymphoma,Germ cell tumour,Thymoma,Thymic carcinoma,B,Cardiothoracic and Vascular
A 42-year-old woman presents with virilisation and clitoromegaly. CT demonstrates a large enhancing adrenal mass containing calcification. What is the most likely diagnosis?,Adrenal carcinoma,Adrenal adenoma,Pheochromocytoma,Congenital adrenal hyperplasia,Metastasis,A,"Genito-urinary, Adrenal, Obstetrics & Gynaecology and Breast"
"A 59-year-old man undergoes pelvic MRI following chemoradiotherapy for rectal cancer. The treated lesion is low signal on T2-weighted imaging, diffusion-weighted imaging and the ADC map. What is the most likely interpretation?",Radiation proctitis,Internal fibrosis,Mucinous adenocarcinoma,Residual tumour,Tumour recurrence,B,Gastro-intestinal
"A 28-year-old man undergoes CT thorax. There are numerous 2–5 mm nodules in a perilymphatic distribution along the fissures and peribronchovascular interstitium, with symmetrical bilateral hilar and mediastinal lymphadenopathy. What is the most likely diagnosis?",Pneumoconiosis,Lymphangitic carcinomatosis,Hypersensitivity pneumonitis,Sarcoidosis,Infective bronchiolitis,D,Cardiothoracic and Vascular
A 34-year-old man presents with exertional dyspnoea and mild jaundice. CT demonstrates predominantly basal panlobular emphysema. What is the most likely diagnosis?,Alpha-1 antitrypsin deficiency,Cystic fibrosis,Primary ciliary dyskinesia,Chronic bronchitis,Lymphangioleiomyomatosis (LAM),A,Cardiothoracic and Vascular
A 61-year-old man undergoes cardiac MRI four weeks after a right coronary artery infarction. Which pattern of late gadolinium enhancement is most consistent with this history?,Mid-wall enhancement of the basal septum,Transmural enhancement of the anterior wall,Subendocardial or transmural enhancement of the inferior/inferoseptal wall,No delayed enhancement,Subepicardial enhancement of the lateral wall,C,Cardiothoracic and Vascular
"A 52-year-old man presents with haemoptysis. Bronchoscopy demonstrates a well-circumscribed, highly vascular red endobronchial mass suspicious for a bronchial carcinoid. Which functional imaging investigation is most appropriate for staging and assessment of somatostatin receptor expression?",111In-octreotide scintigraphy,68Ga-DOTATATE PET/CT,MIBG scintigraphy,CT pulmonary angiography,FDG PET/CT,B,Cardiothoracic and Vascular
A 2-year-old boy presents with a posterior mediastinal mass. CT demonstrates a calcified soft-tissue mass with paraspinal extension and adjacent rib destruction. What is the most likely diagnosis?,Neurofibroma,Germ cell tumour,Rhabdomyosarcoma,Lymphoma,Neuroblastoma,E,Paediatric
A 5-year-old child with diabetes insipidus undergoes MRI. There is a lytic calvarial lesion with outer-table erosion and absence of the normal posterior pituitary T1 bright spot. What is the most likely diagnosis?,Neuroblastoma,Pineoblastoma,Germinoma,Chordoma,Langerhans cell histiocytosis (LCH),E,Central Nervous and Head & Neck
A 68-year-old man with bronchiectasis completed a course of ciprofloxacin two weeks ago and now presents with calf pain. Ultrasound demonstrates a thickened Achilles tendon with intrasubstance hypoechogenicity but no full-thickness tear. What is the most likely diagnosis?,Plantaris rupture,Achilles tendon rupture,Pyomyositis,Achilles tendinopathy,Deep vein thrombosis,D,Musculoskeletal and Trauma
A 29-year-old man presents with dactylitis and swelling around the second distal interphalangeal joint. Radiographs demonstrate periarticular sclerosis and marginal erosions. What is the most likely diagnosis?,Gout,Psoriatic arthritis,Rheumatoid arthritis,Septic arthritis,Osteoarthritis,B,Musculoskeletal and Trauma
"A 21-year-old man with progressive dystonia undergoes MRI brain. There is globus pallidus hypointensity with central hyperintensity, producing the 'eye-of-the-tiger' sign. What is the most likely diagnosis?",Pantothenate kinase-associated neurodegeneration,Wilson disease,Aceruloplasminemia,Fahr disease,Neuroferritinopathy,A,Central Nervous and Head & Neck
"A neonate undergoes MRI for developmental concerns. There is a smooth, thickened cerebral cortex with poor sulcation and associated ventriculomegaly. What is the most likely diagnosis?",Lissencephaly,Holoprosencephaly,Pachygyria,Cortical dysplasia,Polymicrogyria,A,Paediatric
"A 58-year-old man presents with progressive exertional dyspnoea. CT pulmonary angiography demonstrates eccentric webs and bands within segmental pulmonary arteries, with mosaic attenuation and reduced calibre of vessels in the low-attenuation lung. What is the most likely diagnosis?",Pulmonary arterial hypertension,Chronic thromboembolic pulmonary disease,Centrilobular emphysema,Pulmonary veno-occlusive disease,Small-airways disease,B,Cardiothoracic and Vascular
A 72-year-old man presents five hours after the onset of a disabling posterior circulation stroke. CT angiography demonstrates persistent basilar artery occlusion with only a small established infarct burden. What is the most appropriate reperfusion treatment?,Mechanical thrombectomy,Intra-arterial vasodilator therapy,Repeat intravenous thrombolysis,Carotid endarterectomy,Perfusion MRI only,A,Central Nervous and Head & Neck
A 64-year-old man with a chronic heel ulcer undergoes MRI for suspected osteomyelitis. Which MRI sequence is most useful for demonstrating replacement of normal marrow fat?,T1,T2 fat sat,T1 post-contrast,STIR,Proton density,A,Musculoskeletal and Trauma
A 35-year-old woman with unilateral sensorineural hearing loss undergoes MRI of the internal auditory canals. Which sequence is best for detailed assessment of the cochlear nerve?,3D GRE,2D T2,3D FLAIR,3D T2 CISS,3D T1 MPRAGE,D,Central Nervous and Head & Neck
A 42-year-old man undergoes wrist imaging for suspected carpal instability. Which finding most strongly supports dorsal intercalated segment instability (DISI)?,Increased radiolunate angle,Increased scapholunate angle with scapholunate ligament tear,Capitate subluxation,Increased capitolunate distance,Reduced lunocapitate angle,B,Musculoskeletal and Trauma
A 26-year-old woman presents with recurrent atraumatic knee swelling. MRI demonstrates nodular synovial thickening in Hoffa's fat pad with low T1 and T2 signal and marked blooming on gradient-echo imaging. What is the most likely diagnosis?,Pigmented villonodular synovitis (diffuse-type tenosynovial giant cell tumour),Lipoma arborescens,Synovial haemangioma,Infrapatellar bursitis,Ganglion cyst,A,Musculoskeletal and Trauma
"A 44-year-old man undergoes MRI for unrelated symptoms. A small, well-defined T2 hyperintense lesion is identified within the distal spinal cord near the conus medullaris, with no associated neurological deficit. What is the most likely diagnosis?",Subependymoma,Ependymoma,Arachnoid cyst,Spinal cord cyst,Ventriculus terminalis,E,Central Nervous and Head & Neck
"A 47-year-old man undergoes CT and MRI for a skull-base mass. There is a destructive, calcified lesion centred at the petroclival junction with high T2 signal. What is the most likely diagnosis?",Chondrosarcoma,Schwannoma,Meningioma,Chordoma,Epidermoid cyst,A,Central Nervous and Head & Neck
"An 8-year-old child presents with stridor and dysphagia. Contrast-enhanced CT demonstrates a vascular structure passing between the trachea and oesophagus, producing posterior indentation of the trachea and anterior impression on the oesophagus. What is the most likely diagnosis?",Right-sided aortic arch,Aberrant right subclavian artery,Pulmonary artery sling,Tracheomalacia,Double aortic arch,C,Cardiothoracic and Vascular
A 35-year-old man with sickle cell disease presents with haematuria. CT urography demonstrates irregular calyces with non-enhancing papillary tips. Which additional finding would further support renal papillary necrosis?,Delayed nephrogram,Bladder wall thickening,Non-enhancing filling defect at the PUJ,Perinephric stranding,Obstructing stone,C,"Genito-urinary, Adrenal, Obstetrics & Gynaecology and Breast"
A 70-year-old man with septic shock undergoes multiphasic CT. There is a persistent bilateral nephrogram with delayed contrast excretion. What is the most likely diagnosis?,Acute tubular necrosis,Renal vein thrombosis,Pyelonephritis,Obstructive uropathy,Renal infarction,A,"Genito-urinary, Adrenal, Obstetrics & Gynaecology and Breast"
"A 52-year-old woman with recurrent urinary symptoms undergoes CT urography. There are multiple small, smooth, rounded intraluminal filling defects along both ureters. What is the most likely diagnosis?",Urothelial carcinoma,Ureteritis cystica,Ureteric tuberculosis,Fungal balls,Blood clots,B,"Genito-urinary, Adrenal, Obstetrics & Gynaecology and Breast"
A 9-year-old child with recurrent urinary tract infections presents with abdominal distension. Ultrasound demonstrates an enlarged kidney with echogenic material within the calyces and loss of corticomedullary differentiation. What is the most likely diagnosis?,Multicystic dysplastic kidney,Paediatric cystic nephroma,Congenital hydronephrosis,Xanthogranulomatous pyelonephritis,Nephroblastoma,D,Paediatric
A 46-year-old woman presents with focal right-sided abdominal pain. CT demonstrates a 3 cm oval fat-attenuation lesion adjacent to the ascending colon with surrounding inflammatory stranding. What is the most likely diagnosis?,Colonic diverticulitis,Appendicitis,Omental infarction,Internal hernia,Epiploic appendagitis,E,Gastro-intestinal
A 58-year-old man with portal hypertension undergoes MRI. There are multiple intrahepatic biliary dilatations extending to the hilum without an obstructing mass. What is the most likely diagnosis?,Peribiliary cysts,Portal biliopathy,Cholangiocarcinoma,Primary sclerosing cholangitis,Recurrent pyogenic cholangitis,B,Gastro-intestinal
"A 43-year-old man undergoes CT for investigation of exertional dyspnoea. There is right lung hypoplasia, anomalous pulmonary venous drainage to the inferior vena cava and rightward mediastinal shift with levocardia. What is the most likely diagnosis?",Scimitar syndrome,Congenital diaphragmatic hernia,Partial anomalous pulmonary venous return,Pulmonary sequestration,Horseshoe lung,A,Cardiothoracic and Vascular
A 45-year-old woman undergoes ultrasound for posterior shoulder pain. Which arm position best demonstrates the infraspinatus tendon?,Arm raised overhead,Hand placed behind the back,Hand placed on the opposite shoulder across the chest,Arm by the side in neutral,Arm abducted and externally rotated,C,Musculoskeletal and Trauma
A 74-year-old man with COPD develops sudden upper-arm pain and swelling while lifting shopping bags. What is the most likely diagnosis?,Rotator cuff tear,Deltoid tear,Pectoralis major strain,Triceps tendon rupture,Biceps tendon rupture,E,Musculoskeletal and Trauma
A 36-year-old man presents after blunt chest trauma with localised chest-wall bruising. What is the most appropriate initial imaging investigation?,CT chest with contrast,MRI thorax,Bone scan,Ultrasound,Chest X-ray,E,Cardiothoracic and Vascular
A 68-year-old man with treated prostate cancer develops new lytic bone lesions with only mildly increased uptake on PSMA PET. What is the most appropriate next investigation?,Whole-body MRI,CT-guided biopsy,Bone scan,Myeloma screen,Repeat PSMA PET,D,Musculoskeletal and Trauma
A 30-year-old woman presents with cyclical mastalgia but has a normal clinical breast examination. What is the most appropriate next step?,Thermography,Mammography and targeted ultrasound,Core biopsy,Reassurance and follow-up,MRI breast,D,"Genito-urinary, Adrenal, Obstetrics & Gynaecology and Breast"
A 24-year-old woman presents with a palpable breast lump. Ultrasound demonstrates a well-circumscribed hypoechoic lesion that is wider than tall with gentle macrolobulation. What is the most likely diagnosis?,Fibroadenoma,Simple cyst,Phyllodes tumour,Abscess,Intraductal papilloma,A,"Genito-urinary, Adrenal, Obstetrics & Gynaecology and Breast"
A 55-year-old woman presents with abdominal pain. CT demonstrates multiple low-attenuation lesions with peripheral calcification throughout the pelvis and lower abdomen. What is the most likely diagnosis?,Appendiceal mucocoele,Mucinous cystadenocarcinoma,Omental infarct,Serous cystadenoma,Ruptured dermoid,E,"Genito-urinary, Adrenal, Obstetrics & Gynaecology and Breast"
"A 46-year-old woman presents with unilateral orbital pain. Imaging demonstrates diffuse enlargement of the extraocular muscles including their tendinous insertions, with inflammatory change in the intraconal fat and optic nerve sheath. What is the most likely diagnosis?",Orbital cellulitis,Sarcoidosis,Thyroid eye disease,Lymphoma,Idiopathic orbital inflammation (orbital pseudotumour),E,Central Nervous and Head & Neck
A 62-year-old man with end-stage chronic kidney disease undergoes skeletal imaging. There is diffuse osteosclerosis and an expansile lytic lesion in the femur. Which CKD-related complication most directly explains the focal lytic lesion?,Multiple myeloma,Osteomalacia,Metastatic disease,Secondary hyperparathyroidism with a brown tumour,Dialysis-related amyloidosis,D,"Genito-urinary, Adrenal, Obstetrics & Gynaecology and Breast"
A 47-year-old woman with known uterine leiomyomas undergoes MRI because of new symptoms. Which imaging feature most strongly raises suspicion for leiomyosarcoma rather than a typical leiomyoma?,Slow interval growth over several years,Homogeneous low T2 signal,"Irregular margins, central haemorrhagic necrosis and restricted diffusion",Peripheral coarse calcification,Large size alone,C,"Genito-urinary, Adrenal, Obstetrics & Gynaecology and Breast"
"A newborn with ambiguous genitalia undergoes abdominal ultrasound. Both adrenal glands are enlarged with a lobulated, cerebriform appearance. What is the most likely diagnosis?",Bilateral adrenal haemorrhage,Neuroblastoma,Adrenal cortical tumour,Congenital adrenal hyperplasia,Neonatal sepsis,D,Paediatric
A 39-year-old woman presents with headache and seizures. Non-contrast CT demonstrates a hyperdense left transverse-sigmoid sinus with adjacent temporal-lobe vasogenic oedema. What is the most appropriate next imaging investigation?,Carotid Doppler ultrasound,CT venography,MRI internal auditory meati,CT angiography of the circle of Willis,EEG,B,Central Nervous and Head & Neck
"A 27-year-old man is involved in a high-speed road traffic collision and has a GCS of 9. CT head is normal, but MRI susceptibility-weighted imaging demonstrates multiple punctate foci of signal loss in the corpus callosum and brainstem. What is the most likely diagnosis?",Venous infarction,Diffuse axonal injury,Postictal oedema,Contusions,Cerebral amyloid angiopathy,B,Central Nervous and Head & Neck
A 64-year-old woman with advanced ovarian cancer is being considered for cytoreductive surgery. Which CT finding is most likely to preclude complete surgical resection?,Small bowel mesenteric involvement,Ascites,External iliac lymphadenopathy,Liver capsule metastasis,Omental caking,A,"Genito-urinary, Adrenal, Obstetrics & Gynaecology and Breast"
"A 9-month-old infant is found to have a cardiac murmur. Echocardiography and MRI demonstrate multiple well-circumscribed intramyocardial masses in both ventricles, and brain MRI shows subependymal nodules. What is the most likely cardiac diagnosis?",Myxoma,Cardiac rhabdomyomas,Cardiac teratoma,Pericardial cyst,Cardiac fibroma,B,Paediatric
A 32-year-old man is haemodynamically stable following blunt abdominal trauma. CT demonstrates a grade III splenic laceration without active contrast extravasation. What is the most appropriate next step in management?,IR embolisation,Immediate splenectomy,Observation,CT angiogram,Repeat CT in 24 hours,C,Gastro-intestinal
A 29-year-old woman presents with pelvic pain and fever. Ultrasound demonstrates free pelvic fluid and multiloculated adnexal cystic collections with adjacent sigmoid inflammatory thickening. What is the most likely diagnosis?,Diverticulitis,Cyst rupture,Ovarian neoplasm,Pelvic inflammatory disease,Endometriosis,D,"Genito-urinary, Adrenal, Obstetrics & Gynaecology and Breast"
A 44-year-old woman who has undergone Roux-en-Y gastric bypass undergoes an oral contrast study. Which structure should normally opacify directly from the gastric pouch?,Colon,Alimentary (Roux) limb,Excluded stomach,Duodenum,Biliopancreatic limb,B,Gastro-intestinal
A 39-year-old woman with previous Roux-en-Y gastric bypass presents with acute epigastric pain. CT demonstrates swirling of the mesenteric vessels without significant bowel dilatation. What is the most likely diagnosis?,Paraduodenal hernia,Closed-loop obstruction,Volvulus,Adhesional band torsion,Internal hernia,E,Gastro-intestinal
A 45-year-old man with Crohn's disease is found to have a hypervascular pancreatic lesion. What is the most appropriate next investigation to establish a tissue diagnosis?,CA19-9,CT pancreas with contrast,EUS-FNA,ERCP,MRI pancreas,C,Gastro-intestinal
A 78-year-old man undergoes CT which demonstrates heavy calcification of the aortic valve. What is the most appropriate next investigation to assess the functional severity of the valve disease?,Echocardiography,Tc99m sestamibi SPECT,Cardiac CT,Chest radiograph,Cardiac MRI,A,Cardiothoracic and Vascular
"A 3-month-old girl presents with an abdominal mass. Ultrasound demonstrates a well-circumscribed multiloculated, non-communicating cystic lesion arising from the midpole of one kidney, with preserved surrounding renal parenchyma and no solid component. What is the most likely diagnosis?",Wilms tumour,Mesoblastic nephroma,Cystic nephroma,Hydronephrosis,Multicystic dysplastic kidney,C,Paediatric
A 62-year-old man with diabetes undergoes MRI for a suspected infected neuropathic foot. Which additional finding most strongly favours osteomyelitis over Charcot arthropathy?,Joint subluxation and fragmentation,Bony debris within a deformed midfoot,Diffuse periarticular enhancement,Ulcer or sinus tract extending directly to the abnormal bone,Subchondral marrow oedema centred on several joints,D,Musculoskeletal and Trauma
An 18-month-old boy presents with a spiral femoral fracture and metaphyseal corner lesions. The clinical history is vague and inconsistent with the imaging findings. What is the most likely diagnosis?,Bone fragility disorder,Accidental trauma,Congenital bone disease,Non-accidental injury,Physiological variant,D,Paediatric
A 30-year-old man is haemodynamically stable following a high-speed road traffic collision. CT demonstrates focal segmental small-bowel wall thickening and hyperenhancement with adjacent mesenteric stranding but no active contrast extravasation. What is the most likely explanation?,Diffuse shock bowel,Mesenteric arterial occlusion,Hypoperfusion complex,Active haemorrhage,Blunt bowel injury,E,Gastro-intestinal
A 45-year-old man presents with haematuria. CT demonstrates a midline supravesical mass with mixed solid and cystic components containing coarse calcification. What is the most likely diagnosis?,Adenocarcinoma of the urachus,Urachal cyst,Bladder diverticulum,Dermoid cyst,Bladder carcinoma,A,"Genito-urinary, Adrenal, Obstetrics & Gynaecology and Breast"
A 32-year-old woman is investigated for subfertility. Hysterosalpingography demonstrates multiple small outpouchings from the uterine cavity and MRI shows thickening of the junctional zone. What is the most likely diagnosis?,Adenomyosis,Endometrial hyperplasia,Polyp,Congenital anomaly,Leiomyoma,A,"Genito-urinary, Adrenal, Obstetrics & Gynaecology and Breast"
A 66-year-old man on long-term haemodialysis presents with a pathological femoral neck fracture. Imaging demonstrates a lytic lesion with surrounding sclerosis and cortical destruction. What is the most likely cause?,Brown tumour,Metastasis,Amyloidosis,Multiple myeloma,Renal osteodystrophy,C,Musculoskeletal and Trauma
A premature infant undergoes follow-up cranial ultrasound. There are bilateral periventricular cysts with subsequent white matter volume loss and ex-vacuo enlargement of the lateral ventricles. Which long-term neurological outcome is most strongly associated with this pattern of injury?,Ataxic cerebral palsy,Duchenne muscular dystrophy,Spastic diplegic cerebral palsy,Spinal muscular atrophy,Infantile spasms,C,Paediatric
"A 58 year old man presents with progressive dysphagia. CT demonstrates a smooth, well-circumscribed intramural mass arising from the mid oesophagus with small internal calcifications and no adjacent invasion. What is the most likely diagnosis?",Oesophageal leiomyoma,Oesophageal squamous cell carcinoma,Gastrointestinal stromal tumour,Oesophageal duplication cyst,Oesophageal varix,A,Gastro-intestinal
A 6 year old boy presents with gelastic seizures. MRI demonstrates a non-enhancing sessile mass arising from the tuber cinereum that is isointense to grey matter on T1-weighted imaging. Which additional clinical feature is most characteristically associated?,Diabetes insipidus,Sensorineural deafness,Optic neuritis,Precocious puberty,Macroglossia,D,Paediatric
A 61 year old man presents with chronic pain at the second and third metacarpophalangeal joints. Radiographs demonstrate hook-like osteophytes at the metacarpal heads with chondrocalcinosis. Which laboratory abnormality would be most likely?,Raised serum urate,Low serum phosphate,Positive anti-CCP antibodies,Raised parathyroid hormone with hypocalcaemia,Raised transferrin saturation,E,Musculoskeletal and Trauma
A 9 year old child with dysphagia undergoes CT angiography. An aberrant right subclavian artery arises distal to the left subclavian artery. What is its most common course relative to the oesophagus?,Posterior to the oesophagus,Anterior to the trachea,Between the trachea and oesophagus,Through the oesophageal wall,Within the posterior mediastinum without crossing the midline,A,Paediatric
A 47 year old man with hereditary haemorrhagic telangiectasia undergoes catheter angiography for a suspected pancreatic vascular malformation. Which finding most directly demonstrates arteriovenous shunting?,Delayed filling of the portal vein,Early opacification of draining veins during the arterial phase,Diffuse pancreatic calcification,Non-opacification of the splenic vein,Absence of arterial enlargement,B,Gastro-intestinal
A newborn has a calcified right lower quadrant abdominal mass on radiography. Ultrasound demonstrates a complex cystic lesion with peripheral calcification and adjacent ascites. What is the most likely diagnosis?,Enteric duplication cyst,Neuroblastoma,Ovarian cyst,Meconium pseudocyst,Mesenteric lymphangioma,D,Paediatric
MR arthrography demonstrates congenital absence of the anterosuperior glenoid labrum with a thick cord-like middle glenohumeral ligament. What is this normal anatomical variant called?,Sublabral recess,Sublabral foramen,Perthes lesion,Buford complex,ALPSA lesion,D,Musculoskeletal and Trauma
A child with persistent otitis media develops severe retro-orbital pain due to petrous apicitis. Palsy of which cranial nerve completes the classic Gradenigo triad?,Abducens nerve,Facial nerve,Oculomotor nerve,Trochlear nerve,Trigeminal nerve,A,Central Nervous and Head & Neck
A 3 month old infant presents with unilateral leukocoria and microphthalmia. Ultrasound shows a vascular stalk extending from the posterior lens to the optic disc. Which imaging feature most strongly favours persistent fetal vasculature over retinoblastoma?,Bilateral involvement,Presence of retinal detachment,Marked diffusion restriction,Absence of intraocular calcification,A calcified intraocular mass,D,Paediatric
A 42 year old woman presents with radial-sided wrist pain and ultrasound confirms De Quervain tenosynovitis. Which tendons are involved?,Extensor pollicis longus and extensor indicis,Extensor carpi radialis longus and brevis,Abductor pollicis longus and extensor pollicis brevis,Flexor carpi radialis and flexor pollicis longus,Extensor digiti minimi and extensor carpi ulnaris,C,Musculoskeletal and Trauma
A 62 year old man is found acutely comatose with a vertical gaze palsy. MRI demonstrates symmetrical restricted diffusion in both paramedian thalami with extension into the rostral midbrain. What is the most likely diagnosis?,Artery of Percheron infarction,Wernicke encephalopathy,Deep cerebral venous thrombosis,Bilateral posterior cerebral artery infarction,Osmotic demyelination syndrome,A,Central Nervous and Head & Neck
A neonate has a vein of Galen aneurysmal malformation on cranial ultrasound. Which cardiovascular complication is most characteristic in the neonatal period?,Coarctation of the aorta,Complete heart block,High-output cardiac failure,Restrictive cardiomyopathy,Tetralogy of Fallot,C,Paediatric
A 49 year old man with previous splenectomy after trauma has several left upper quadrant nodules that enhance identically to splenic tissue. Which investigation is most specific for confirming splenosis?,Technetium-99m heat-damaged red cell scintigraphy,FDG PET-CT,Technetium-99m MDP bone scintigraphy,Iodine-123 MIBG scintigraphy,Gallium-67 scintigraphy,A,Gastro-intestinal
A 10 year old child has an intralobar pulmonary sequestration in the left lower lobe supplied by the descending thoracic aorta. What is the usual venous drainage?,Azygos vein,Pulmonary veins,Inferior vena cava,Portal vein,Hemiazygos vein,B,Paediatric
"A 64 year old man develops sudden severe chest pain after repeated vomiting. CT demonstrates pneumomediastinum, a left pleural effusion and oral contrast extravasation from the distal oesophagus. What is the most likely diagnosis?",Mallory-Weiss tear,Acute oesophagitis,Oesophageal carcinoma,Aortic dissection,Boerhaave syndrome,E,Gastro-intestinal
A 34 year old woman develops mechanical low back pain after pregnancy. Pelvic radiographs demonstrate bilateral triangular sclerosis on the iliac side of the inferior sacroiliac joints. Which additional finding would favour osteitis condensans ilii over inflammatory sacroiliitis?,Bilateral ankylosis,Preserved joint spaces without erosions,Marginal syndesmophytes,Subchondral erosions on both sides of the joint,Bone marrow oedema extending across the joint,B,Musculoskeletal and Trauma
A 42 year old woman presents with hearing loss and headache. MRI demonstrates an expansile petrous apex lesion that is markedly hyperintense on both T1- and T2-weighted sequences and remains high signal on fat-suppressed T1 imaging. What is the most likely diagnosis?,Cholesteatoma,Cholesterol granuloma,Petrous apicitis,Meningioma,Epidermoid cyst,B,Central Nervous and Head & Neck
A 29 year old man presents with painful ejaculation and infertility. MRI demonstrates a seminal vesicle cyst. Which associated congenital abnormality would support a diagnosis of Zinner syndrome?,Contralateral duplex kidney,Bilateral cryptorchidism,Posterior urethral valves,Horseshoe kidney,Ipsilateral renal agenesis,E,"Genito-urinary, Adrenal, Obstetrics & Gynaecology and Breast"
A 34 year old woman has severe pulmonary hypertension. Which HRCT combination most strongly raises concern for pulmonary veno-occlusive disease rather than idiopathic pulmonary arterial hypertension?,"Centrilobular ground-glass nodules, smooth septal thickening and mediastinal lymphadenopathy",Upper lobe emphysema with bullae,Peripheral honeycombing with traction bronchiectasis,Tree-in-bud nodules with mucus plugging,Focal lobar consolidation with cavitation,A,Cardiothoracic and Vascular
A 38 year old woman has a focal nodular hyperplasia confirmed on MRI. How would the lesion typically appear on the hepatobiliary phase after gadoxetate disodium?,Markedly hypointense relative to liver,Completely non-enhancing,High signal only on diffusion-weighted imaging,Isointense or hyperintense relative to liver,Progressive peripheral nodular enhancement,D,Gastro-intestinal
A 36 year old woman presents with a lobulated periarticular calcified soft tissue mass consistent with tumoral calcinosis. Which biochemical abnormality is most commonly associated?,Hypercalcaemia,Hyperphosphataemia,Hypomagnesaemia,Hyperuricaemia,Hypophosphataemia,B,Musculoskeletal and Trauma
MRI confirms a pericallosal lipoma. Which sequence would most directly confirm the fatty nature of the lesion?,Diffusion-weighted imaging,Susceptibility-weighted imaging,Fat-suppressed T1-weighted imaging,Post-contrast FLAIR,MR angiography,C,Central Nervous and Head & Neck
A 2 week old neonate with microcephaly undergoes cranial ultrasound. There is ventriculomegaly with multiple calcifications concentrated along the margins of the lateral ventricles. Which congenital infection is most likely?,Congenital toxoplasmosis,Congenital rubella,Congenital herpes simplex,Congenital cytomegalovirus infection,Congenital Zika virus infection,D,Paediatric
A 19 year old woman has a large predominantly solid ovarian mass with avidly enhancing septa. Which serum tumour marker is most characteristically associated with an ovarian dysgerminoma?,CA-125,Alpha-fetoprotein,Beta-hCG,CA 19-9,Lactate dehydrogenase,E,"Genito-urinary, Adrenal, Obstetrics & Gynaecology and Breast"
A 22 year old man has a symptomatic osteoid osteoma of the tibial cortex confirmed on CT. What is the most appropriate minimally invasive treatment?,External beam radiotherapy,Systemic chemotherapy,CT-guided radiofrequency ablation,Bisphosphonate therapy,Wide surgical resection,C,Musculoskeletal and Trauma
A 51 year old man presents with weight loss and intermittent abdominal pain. CT enterography demonstrates circumferential thickening of the distal ileum with aneurysmal dilatation of the involved bowel and bulky mesenteric lymphadenopathy. What is the most likely diagnosis?,Crohn disease,Small bowel lymphoma,Adenocarcinoma,Intestinal tuberculosis,Yersinia enterocolitis,B,Gastro-intestinal
"A 46 year old immunocompromised man presents with progressive weakness and cognitive decline. MRI demonstrates asymmetric non-enhancing subcortical white matter lesions involving the U-fibres, with restricted diffusion at the advancing margins and little mass effect. What is the most likely diagnosis?",HIV encephalopathy,Progressive multifocal leukoencephalopathy,Primary CNS lymphoma,Cerebral toxoplasmosis,Acute disseminated encephalomyelitis,B,Central Nervous and Head & Neck
A neonate has transposition of the great arteries. Which chest radiographic appearance is classically associated with this lesion?,Snowman appearance,Boot-shaped heart,Figure-of-three sign,Water-bottle heart,Egg-on-a-string appearance,E,Paediatric
A patient develops a ventricular outpouching two weeks after myocardial infarction. Which imaging feature most strongly favours a left ventricular pseudoaneurysm over a true aneurysm?,A broad neck formed by thinned myocardium,Apical location with dyskinesis,Transmural late gadolinium enhancement,Wall containing all myocardial layers,A narrow neck with pericardial containment,E,Cardiothoracic and Vascular
A patient with renal cell carcinoma has an IVC filling defect. Which CT feature most reliably distinguishes tumour thrombus from bland thrombus?,Calcification within the thrombus,Extension below the renal veins,Enhancement within the thrombus,Absence of vessel expansion,Low attenuation without enhancement,C,Gastro-intestinal
"A 36 year old woman presents with fever, confusion and focal seizures. MRI demonstrates asymmetric T2 hyperintensity and restricted diffusion involving the medial temporal lobes and insular cortex, with relative sparing of the basal ganglia. What is the most likely diagnosis?",Autoimmune limbic encephalitis,Gliomatosis cerebri,Posterior reversible encephalopathy syndrome,Herpes simplex encephalitis,Mesial temporal sclerosis,D,Central Nervous and Head & Neck
A lung transplant recipient is suspected of having bronchiolitis obliterans syndrome. Which CT acquisition is most useful for demonstrating the characteristic small-airways abnormality?,Non-contrast CT at full inspiration only,Expiratory HRCT,CT pulmonary angiography,Prone HRCT only,High-resolution CT after intravenous contrast only,B,Cardiothoracic and Vascular
A 12 year old child with cystic fibrosis presents with abdominal pain and vomiting. CT demonstrates dilated small bowel with impacted particulate material in the terminal ileum and right lower quadrant. What is the most likely diagnosis?,Appendicitis,Intussusception,Meconium peritonitis,Adhesional small bowel obstruction,Distal intestinal obstruction syndrome,E,Paediatric
"A 44 year old man presents with chronic hip pain. Radiographs demonstrate a well-defined lucent epiphyseal lesion in the proximal femur with a sclerotic rim, mild expansion and small foci of chondroid mineralisation. What is the most likely diagnosis?",Clear cell chondrosarcoma,Chondroblastoma,Giant cell tumour,Brodie abscess,Metastasis,A,Musculoskeletal and Trauma
A 66 year old man with weight loss and night sweats has bilateral renal enlargement on CT. Which feature would most strongly favour renal lymphoma over renal cell carcinoma?,A solitary exophytic hypervascular mass,Macroscopic fat within the lesion,Tumour thrombus extending into the IVC,Homogeneous bilateral enlargement with preserved reniform contours,A central stellate scar,D,"Genito-urinary, Adrenal, Obstetrics & Gynaecology and Breast"
A neonate with delayed passage of meconium undergoes contrast enema. Which finding is most characteristic of Hirschsprung disease?,Diffuse microcolon,A corkscrew distal ileum,A rectosigmoid transition zone with a rectosigmoid ratio below 1,Free intraperitoneal contrast,Multiple intraluminal filling defects,C,Paediatric
A 27 year old man has CT-confirmed coarctation of the aorta. Which cardiac abnormality is most commonly associated?,Ventricular septal defect,Ebstein anomaly,Bicuspid aortic valve,Pulmonary atresia,Atrial septal defect,C,Cardiothoracic and Vascular
A central neurocytoma most commonly arises at which location?,Fourth ventricle,Cerebellopontine angle,Pineal region,Suprasellar cistern,Lateral ventricle adjacent to the septum pellucidum and foramen of Monro,E,Central Nervous and Head & Neck
A 54 year old woman undergoes screening mammography. Which appearance is most characteristic of a radial scar?,A round circumscribed mass with coarse popcorn calcification,A spiculated dense mass with skin retraction,Segmental fine linear branching calcification,Architectural distortion with long thin spicules and a radiolucent centre,A simple cyst with posterior enhancement,D,"Genito-urinary, Adrenal, Obstetrics & Gynaecology and Breast"
A 67 year old woman presents with a painless infrascapular swelling and snapping of the scapula. MRI demonstrates an ill-defined subscapular mass containing alternating bands of fibrous tissue and fat. What is the most likely diagnosis?,Liposarcoma,Desmoid tumour,Elastofibroma dorsi,Intramuscular myxoma,Haemangioma,C,Musculoskeletal and Trauma
A 33 year old man has terminal ileitis. Which CT feature would favour intestinal tuberculosis over Crohn disease?,Comb sign with engorged vasa recta,Necrotic low-attenuation lymph nodes,Skip lesions with fistulae,Creeping mesenteric fat,Long-segment symmetric mural hyperenhancement,B,Gastro-intestinal
